2115968	complete sequence	circular
282676	complete sequence	circular
658062	complete sequence	circular
553239	complete sequence	circular
1077946	complete sequence	circular
1963025	complete sequence	circular
1424294	complete sequence	circular
2881428	complete sequence	circular
1041504	complete sequence	circular
879567	complete sequence	circular
2598861	complete sequence	circular
322095	complete sequence	circular
628	complete sequence	circular
1414719	complete sequence	circular
1724	complete sequence	circular
61635	complete sequence	circular
68214	complete sequence	circular
1326	complete sequence	circular
471189	complete sequence	circular
110937	complete sequence	circular
1882682	complete sequence	circular
57706	complete sequence	circular
158500	complete sequence	circular
28123	complete sequence	circular
65553	complete sequence	circular
1748	complete sequence	circular
273677	complete sequence	circular
2002831	complete sequence	circular
1579316	complete sequence	circular
1303	complete sequence	circular
2597660	complete sequence	circular
1776384	complete sequence	circular
1609531	complete sequence	circular
1867	complete sequence	circular
556288	complete sequence	circular
55213	complete sequence	circular
1643	complete sequence	circular
260714	complete sequence	circular
146922	complete sequence	circular
1678728	complete sequence	circular
1600	complete sequence	circular
614	complete sequence	circular
371142	complete sequence	circular
1938606	complete sequence	circular
229155	complete sequence	circular
671267	complete sequence	circular
519	complete sequence	circular
319707	complete sequence	circular
35789	complete sequence	circular
2252	complete sequence	circular
31909	complete sequence	circular
158877	complete sequence	circular
2528026	complete sequence	circular
414771	complete sequence	circular
1458355	complete sequence	circular
1047172	complete sequence	circular
47735	complete sequence	circular
37332	complete sequence	circular
1603606	complete sequence	circular
2736	complete sequence	circular
49118	complete sequence	circular
171437	complete sequence	circular
870	complete sequence	circular
43674	complete sequence	circular
379347	complete sequence	circular
2605945	complete sequence	circular
2038470	complete sequence	circular
2058308	complete sequence	circular
1636606	complete sequence	circular
2099788	complete sequence	circular
153491	complete sequence	circular
1685	complete sequence	circular
991904	complete sequence	circular
300231	complete sequence	circular
1043206	complete sequence	circular
432329	complete sequence	circular
1707785	complete sequence	circular
76517	complete sequence	circular
1866	complete sequence	circular
2014076	complete sequence	circular
1301915	complete sequence	circular
158850	complete sequence	circular
1404	complete sequence	circular
74706	complete sequence	circular
1915	complete sequence	circular
1172565	complete sequence	circular
1173263	complete sequence	circular
1858609	complete sequence	circular
2060726	complete sequence	circular
1458461	complete sequence	circular
1402861	complete sequence	circular
357808	complete sequence	circular
69823	complete sequence	circular
28037	complete sequence	circular
298656	complete sequence	circular
203275	complete sequence	circular
718286	complete sequence	circular
1923	complete sequence	circular
1410606	complete sequence	circular
267212	complete sequence	circular
69710	complete sequence	circular
1404244	complete sequence	circular
2080742	complete sequence	circular
314281	complete sequence	circular
1703965	complete sequence	circular
29553	complete sequence	circular
43769	complete sequence	circular
2584944	complete sequence	circular
361101	complete sequence	circular
1940612	complete sequence	circular
2003315	complete sequence	circular
132473	complete sequence	circular
409316	complete sequence	circular
1578828	complete sequence	circular
2315	complete sequence	circular
2592817	complete sequence	circular
488447	complete sequence	circular
104609	complete sequence	circular
80868	complete sequence	circular
2290923	complete sequence	circular
2163016	complete sequence	circular
2014887	complete sequence	circular
1164	complete sequence	circular
1986146	complete sequence	circular
29507	complete sequence	circular
247	complete sequence	circular
2042961	complete sequence	circular
2419774	complete sequence	circular
146017	complete sequence	circular
511051	complete sequence	circular
63363	complete sequence	circular
374606	complete sequence	circular
1548547	complete sequence	circular
1888915	complete sequence	circular
28198	complete sequence	circular
67760	complete sequence	circular
154046	complete sequence	circular
2572921	complete sequence	circular
288	complete sequence	circular
2528020	complete sequence	circular
42094	complete sequence	circular
192812	complete sequence	circular
36746	complete sequence	circular
1814290	complete sequence	circular
1729720	complete sequence	circular
84377	complete sequence	circular
266805	complete sequence	circular
340320	complete sequence	circular
330922	complete sequence	circular
716925	complete sequence	circular
1587	complete sequence	circular
636	complete sequence	circular
1447062	complete sequence	circular
158849	complete sequence	circular
169134	complete sequence	circular
2494374	complete sequence	circular
316277	complete sequence	circular
1689	complete sequence	circular
33007	complete sequence	circular
35742	complete sequence	circular
155085	complete sequence	circular
200415	complete sequence	circular
2161821	complete sequence	circular
2083055	complete sequence	circular
33889	complete sequence	circular
321662	complete sequence	circular
1766	complete sequence	circular
60890	complete sequence	circular
38290	complete sequence	circular
2913614	complete sequence	circular
1355374	complete sequence	circular
1230341	complete sequence	circular
1638161	complete sequence	circular
33056	complete sequence	circular
2583243	complete sequence	circular
745310	complete sequence	circular
607712	complete sequence	circular
1622	complete sequence	circular
1464	complete sequence	circular
261302	complete sequence	circular
57029	complete sequence	circular
86102	complete sequence	circular
47885	complete sequence	circular
1434191	complete sequence	circular
1614	complete sequence	circular
208962	complete sequence	circular
996801	complete sequence	circular
225194	complete sequence	circular
171281	complete sequence	circular
652716	complete sequence	circular
1538159	complete sequence	circular
238836	complete sequence	circular
85701	complete sequence	circular
79263	complete sequence	circular
1190415	complete sequence	circular
2072406	complete sequence	circular
754477	complete sequence	circular
447471	complete sequence	circular
2509459	complete sequence	circular
933262	complete sequence	circular
286727	complete sequence	circular
1982756	complete sequence	circular
2176	complete sequence	circular
664662	complete sequence	circular
40324	complete sequence	circular
2022656	complete sequence	circular
2133	complete sequence	circular
2480625	complete sequence	circular
85336	complete sequence	circular
121872	complete sequence	circular
1773	complete sequence	circular
862751	complete sequence	circular
1582439	complete sequence	circular
482957	complete sequence	circular
2053669	complete sequence	circular
1131462	complete sequence	circular
803	complete sequence	circular
546269	complete sequence	circular
454	complete sequence	circular
87541	complete sequence	circular
2051957	complete sequence	circular
255247	complete sequence	circular
519441	complete sequence	circular
267818	complete sequence	circular
488546	complete sequence	circular
283811	complete sequence	circular
114880	complete sequence	circular
2094	complete sequence	circular
70771	complete sequence	circular
156980	complete sequence	circular
1798224	complete sequence	circular
1784713	complete sequence	circular
33903	complete sequence	circular
206	complete sequence	circular
285458	complete sequence	circular
1838286	complete sequence	circular
35621	complete sequence	circular
2233542	complete sequence	circular
1411902	complete sequence	circular
84531	complete sequence	circular
1381081	complete sequence	circular
166314	complete sequence	circular
208596	complete sequence	circular
649841	complete sequence	circular
83617	complete sequence	circular
442	complete sequence	circular
2025949	complete sequence	circular
485	complete sequence	circular
77022	complete sequence	circular
320778	complete sequence	circular
1379270	complete sequence	circular
1448857	complete sequence	circular
31958	complete sequence	circular
1336796	complete sequence	circular
622	complete sequence	circular
1111069	complete sequence	circular
354356	complete sequence	circular
2026193	complete sequence	circular
1921087	complete sequence	circular
1405	complete sequence	circular
114615	complete sequence	circular
1149952	complete sequence	circular
229980	complete sequence	circular
269261	complete sequence	circular
80866	complete sequence	circular
34085	complete sequence	circular
1852377	complete sequence	circular
43662	complete sequence	circular
185951	complete sequence	circular
291048	complete sequence	circular
54571	complete sequence	circular
51101	complete sequence	circular
1714845	complete sequence	circular
1085647	complete sequence	circular
1622118	complete sequence	circular
1105106	complete sequence	circular
375929	complete sequence	circular
332249	complete sequence	circular
1630693	complete sequence	circular
115778	complete sequence	circular
38300	complete sequence	circular
1778263	complete sequence	circular
1660083	complete sequence	circular
246144	complete sequence	circular
54913	complete sequence	circular
1520	complete sequence	circular
481146	complete sequence	circular
151081	complete sequence	circular
2161816	complete sequence	circular
253239	complete sequence	circular
88916	complete sequence	circular
192389	complete sequence	circular
1982755	complete sequence	circular
166486	complete sequence	circular
51365	complete sequence	circular
59843	complete sequence	circular
2592653	complete sequence	circular
29303	complete sequence	circular
1531429	complete sequence	circular
1366	complete sequence	circular
1930532	complete sequence	circular
483	complete sequence	circular
55601	complete sequence	circular
2079791	complete sequence	circular
1650	complete sequence	circular
75588	complete sequence	circular
1472767	complete sequence	circular
81032	complete sequence	circular
446683	complete sequence	circular
29495	complete sequence	circular
1063	complete sequence	circular
2059875	complete sequence	circular
2506420	complete sequence	circular
2104	complete sequence	circular
2565366	complete sequence	circular
1536771	complete sequence	circular
35792	complete sequence	circular
59512	complete sequence	circular
765952	complete sequence	circular
2071627	complete sequence	circular
89093	complete sequence	circular
2371	complete sequence	circular
2528007	complete sequence	circular
54299	complete sequence	circular
1885	complete sequence	circular
85991	complete sequence	circular
69964	complete sequence	circular
304207	complete sequence	circular
1924287	complete sequence	circular
84292	complete sequence	circular
2603276	complete sequence	circular
762954	complete sequence	circular
2018065	complete sequence	circular
196024	complete sequence	circular
1119533	complete sequence	circular
341045	complete sequence	circular
1203471	complete sequence	circular
290053	complete sequence	circular
328813	complete sequence	circular
1847728	complete sequence	circular
1882831	complete sequence	circular
40989	complete sequence	circular
1545044	complete sequence	circular
1284	complete sequence	circular
244596	complete sequence	circular
265606	complete sequence	circular
76258	complete sequence	circular
2493681	complete sequence	circular
2364272	complete sequence	circular
1802984	complete sequence	circular
2496865	complete sequence	circular
163164	complete sequence	circular
755307	complete sequence	circular
399736	complete sequence	circular
948	complete sequence	circular
197482	complete sequence	circular
1112	complete sequence	circular
696485	complete sequence	circular
1769	complete sequence	circular
1642	complete sequence	circular
1028414	complete sequence	circular
1179673	complete sequence	circular
35762	complete sequence	circular
45663	complete sequence	circular
1636423	complete sequence	circular
927	complete sequence	circular
1500254	complete sequence	circular
1715860	complete sequence	circular
1265601	complete sequence	circular
702115	complete sequence	circular
563	complete sequence	circular
1379910	complete sequence	circular
47875	complete sequence	circular
1811193	complete sequence	circular
211114	complete sequence	circular
2033844	complete sequence	circular
398736	complete sequence	circular
488732	complete sequence	circular
370111	complete sequence	circular
1605891	complete sequence	circular
1871111	complete sequence	circular
1933907	complete sequence	circular
28031	complete sequence	circular
2026191	complete sequence	circular
29494	complete sequence	circular
291112	complete sequence	circular
353800	complete sequence	circular
1715989	complete sequence	circular
1933912	complete sequence	circular
2072505	complete sequence	circular
1510570	complete sequence	circular
46354	complete sequence	circular
75906	complete sequence	circular
1354	complete sequence	circular
54911	complete sequence	circular
713030	complete sequence	circular
2597769	complete sequence	circular
93064	complete sequence	circular
1114980	complete sequence	circular
1848580	complete sequence	circular
81479	complete sequence	circular
2547598	complete sequence	circular
390884	complete sequence	circular
1079	complete sequence	circular
868131	complete sequence	circular
2507538	complete sequence	circular
93219	complete sequence	circular
128944	complete sequence	circular
59600	complete sequence	circular
2529386	complete sequence	circular
2293862	complete sequence	circular
217159	complete sequence	circular
2530390	complete sequence	circular
45497	complete sequence	circular
1935446	complete sequence	circular
66229	complete sequence	circular
1016987	complete sequence	circular
2202000	complete sequence	circular
1660074	complete sequence	circular
418223	complete sequence	circular
735	complete sequence	circular
202462	complete sequence	circular
254758	complete sequence	circular
1006155	complete sequence	circular
1977864	complete sequence	circular
2036037	complete sequence	circular
333962	complete sequence	circular
180957	complete sequence	circular
2319844	complete sequence	circular
2584940	complete sequence	circular
88058	complete sequence	circular
1740262	complete sequence	circular
2049935	complete sequence	circular
2590869	complete sequence	circular
1720343	complete sequence	circular
1575	complete sequence	circular
2587861	complete sequence	circular
380021	complete sequence	circular
1884634	complete sequence	circular
246432	complete sequence	circular
1800	complete sequence	circular
595605	complete sequence	circular
219572	complete sequence	circular
1636609	complete sequence	circular
2489213	complete sequence	circular
588067	complete sequence	circular
2209	complete sequence	circular
139208	complete sequence	circular
36854	complete sequence	circular
1797	complete sequence	circular
2083052	complete sequence	circular
2511069	complete sequence	circular
1763535	complete sequence	circular
81408	complete sequence	circular
2576307	complete sequence	circular
1373	complete sequence	circular
2198	complete sequence	circular
59748	complete sequence	circular
249567	complete sequence	circular
955	complete sequence	circular
160699	complete sequence	circular
420953	complete sequence	circular
2420300	complete sequence	circular
2261	complete sequence	circular
2017483	complete sequence	circular
167	complete sequence	circular
2291597	complete sequence	circular
1563	complete sequence	circular
496014	complete sequence	circular
29405	complete sequence	circular
1784719	complete sequence	circular
290315	complete sequence	circular
82995	complete sequence	circular
319942	complete sequence	circular
1690221	complete sequence	circular
1920110	complete sequence	circular
1196083	complete sequence	circular
1329816	complete sequence	circular
29382	complete sequence	circular
1413	complete sequence	circular
2172099	complete sequence	circular
81459	complete sequence	circular
58290	complete sequence	circular
1709477	complete sequence	circular
621376	complete sequence	circular
2497456	complete sequence	circular
33970	complete sequence	circular
232259	complete sequence	circular
2134	complete sequence	circular
358220	complete sequence	circular
82996	complete sequence	circular
138853	complete sequence	circular
331696	complete sequence	circular
2183911	complete sequence	circular
546874	complete sequence	circular
1839801	complete sequence	circular
33069	complete sequence	circular
69525	complete sequence	circular
458197	complete sequence	circular
1288121	complete sequence	circular
797277	complete sequence	circular
2567884	complete sequence	circular
431306	complete sequence	circular
712710	complete sequence	circular
141451	complete sequence	circular
1912795	complete sequence	circular
61647	complete sequence	circular
39768	complete sequence	circular
1488	complete sequence	circular
2303	complete sequence	circular
913109	complete sequence	circular
417368	complete sequence	circular
1603555	complete sequence	circular
38875	complete sequence	circular
2296	complete sequence	circular
1218507	complete sequence	circular
2587847	complete sequence	circular
2202826	complete sequence	circular
2026885	complete sequence	circular
2601575	complete sequence	circular
470	complete sequence	circular
1525	complete sequence	circular
169435	complete sequence	circular
2527982	complete sequence	circular
1844971	complete sequence	circular
374982	complete sequence	circular
32046	complete sequence	circular
1538644	complete sequence	circular
121719	complete sequence	circular
1636610	complete sequence	circular
2584094	complete sequence	circular
1871022	complete sequence	circular
1168034	complete sequence	circular
83771	complete sequence	circular
2591463	complete sequence	circular
2338073	complete sequence	circular
445576	complete sequence	circular
1793721	complete sequence	circular
94694	complete sequence	circular
572547	complete sequence	circular
1610	complete sequence	circular
558537	complete sequence	circular
169765	complete sequence	circular
1727163	complete sequence	circular
2054915	complete sequence	circular
187878	complete sequence	circular
670487	complete sequence	circular
76594	complete sequence	circular
328814	complete sequence	circular
1421430	complete sequence	circular
546	complete sequence	circular
32013	complete sequence	circular
1138383	complete sequence	circular
51663	complete sequence	circular
2527976	complete sequence	circular
720	complete sequence	circular
1137606	complete sequence	circular
571256	complete sequence	circular
74829	complete sequence	circular
456	complete sequence	circular
483423	complete sequence	circular
2587842	complete sequence	circular
655307	complete sequence	circular
1158459	complete sequence	circular
2305221	complete sequence	circular
2005703	complete sequence	circular
193462	complete sequence	circular
174633	complete sequence	circular
1462	complete sequence	circular
135735	complete sequence	circular
298654	complete sequence	circular
71998	complete sequence	circular
1967783	complete sequence	circular
319939	complete sequence	circular
556054	complete sequence	circular
1407	complete sequence	circular
1960083	complete sequence	circular
1493872	complete sequence	circular
1621989	complete sequence	circular
33959	complete sequence	circular
1116375	complete sequence	circular
920	complete sequence	circular
256839	complete sequence	circular
1735038	complete sequence	circular
2583532	complete sequence	circular
232348	complete sequence	circular
294699	complete sequence	circular
1542390	complete sequence	circular
1861	complete sequence	circular
44577	complete sequence	circular
2500532	complete sequence	circular
2718	complete sequence	circular
1117707	complete sequence	circular
1387353	complete sequence	circular
261164	complete sequence	circular
103731	complete sequence	circular
648794	complete sequence	circular
232537	complete sequence	circular
35	complete sequence	circular
1795053	complete sequence	circular
712357	complete sequence	circular
1349819	complete sequence	circular
1796	complete sequence	circular
860	complete sequence	circular
137591	complete sequence	circular
342950	complete sequence	circular
471	complete sequence	circular
225992	complete sequence	circular
2055	complete sequence	circular
2582905	complete sequence	circular
536018	complete sequence	circular
1396826	complete sequence	circular
1727214	complete sequence	circular
2497989	complete sequence	circular
1247	complete sequence	circular
1031542	complete sequence	circular
164393	complete sequence	circular
114186	complete sequence	circular
37928	complete sequence	circular
1868325	complete sequence	circular
1813879	complete sequence	circular
35791	complete sequence	circular
123214	complete sequence	circular
184917	complete sequence	circular
1637869	complete sequence	circular
2054	complete sequence	circular
106370	complete sequence	circular
1855912	complete sequence	circular
1519	complete sequence	circular
54062	complete sequence	circular
1282	complete sequence	circular
1231000	complete sequence	circular
274539	complete sequence	circular
397865	complete sequence	circular
104623	complete sequence	circular
1064539	complete sequence	circular
456163	complete sequence	circular
29438	complete sequence	circular
409322	complete sequence	circular
1804	complete sequence	circular
191292	complete sequence	circular
224719	complete sequence	circular
76758	complete sequence	circular
2592652	complete sequence	circular
250	complete sequence	circular
2508882	complete sequence	circular
650378	complete sequence	circular
589437	complete sequence	circular
152260	complete sequence	circular
230089	complete sequence	circular
879274	complete sequence	circular
1316411	complete sequence	circular
39775	complete sequence	circular
200991	complete sequence	circular
1583341	complete sequence	circular
73141	complete sequence	circular
2003188	complete sequence	circular
1176482	complete sequence	circular
2217832	complete sequence	circular
252130	complete sequence	circular
2109	complete sequence	circular
728	complete sequence	circular
2607662	complete sequence	circular
44012	complete sequence	circular
2017482	complete sequence	circular
1193713	complete sequence	circular
2077136	complete sequence	circular
2589074	complete sequence	circular
2045451	complete sequence	circular
29370	complete sequence	circular
272131	complete sequence	circular
45610	complete sequence	circular
1006576	complete sequence	circular
859	complete sequence	circular
2558361	complete sequence	circular
218208	complete sequence	circular
1163710	complete sequence	circular
191579	complete sequence	circular
1233873	complete sequence	circular
1927127	complete sequence	circular
404386	complete sequence	circular
105751	complete sequence	circular
552	complete sequence	circular
1890	complete sequence	circular
114090	complete sequence	circular
882104	complete sequence	circular
1828	complete sequence	circular
1686	complete sequence	circular
148814	complete sequence	circular
2527973	complete sequence	circular
2018067	complete sequence	circular
29562	complete sequence	circular
1536770	complete sequence	circular
1208583	complete sequence	circular
2479546	complete sequence	circular
2589080	complete sequence	circular
367190	complete sequence	circular
1038928	complete sequence	circular
470931	complete sequence	circular
2004646	complete sequence	circular
108980	complete sequence	circular
60035	complete sequence	circular
81028	complete sequence	circular
984	complete sequence	circular
2320858	complete sequence	circular
37929	complete sequence	circular
1879049	complete sequence	circular
795665	complete sequence	circular
1723645	complete sequence	circular
36845	complete sequence	circular
53461	complete sequence	circular
383750	complete sequence	circular
92706	complete sequence	circular
944	complete sequence	circular
246273	complete sequence	circular
2067572	complete sequence	circular
307486	complete sequence	circular
152268	complete sequence	circular
253	complete sequence	circular
1592897	complete sequence	circular
1188	complete sequence	circular
2479393	complete sequence	circular
2603820	complete sequence	circular
1325724	complete sequence	circular
373891	complete sequence	circular
2528009	complete sequence	circular
2496265	complete sequence	circular
83984	complete sequence	circular
266951	complete sequence	circular
2170745	complete sequence	circular
413882	complete sequence	circular
648999	complete sequence	circular
1806508	complete sequence	circular
83986	complete sequence	circular
1720083	complete sequence	circular
1788301	complete sequence	circular
53407	complete sequence	circular
1620215	complete sequence	circular
2282738	complete sequence	circular
1917441	complete sequence	circular
157687	complete sequence	circular
1155384	complete sequence	circular
56450	complete sequence	circular
1891675	complete sequence	circular
284581	complete sequence	circular
729	complete sequence	circular
1335757	complete sequence	circular
29489	complete sequence	circular
162	complete sequence	circular
2136401	complete sequence	circular
466153	complete sequence	circular
40577	complete sequence	circular
1763536	complete sequence	circular
1930764	complete sequence	circular
1796652	complete sequence	circular
44009	complete sequence	circular
373672	complete sequence	circular
86660	complete sequence	circular
1355015	complete sequence	circular
1609559	complete sequence	circular
2420509	complete sequence	circular
2099	complete sequence	circular
658630	complete sequence	circular
844	complete sequence	circular
565560	complete sequence	circular
649831	complete sequence	circular
361111	complete sequence	circular
2061	complete sequence	circular
2203205	complete sequence	circular
1758189	complete sequence	circular
76761	complete sequence	circular
299262	complete sequence	circular
1653476	complete sequence	circular
1795631	complete sequence	circular
785	complete sequence	circular
1327635	complete sequence	circular
2576356	complete sequence	circular
1002672	complete sequence	circular
633	complete sequence	circular
1511761	complete sequence	circular
436515	complete sequence	circular
438	complete sequence	circular
1826872	complete sequence	circular
984991	complete sequence	circular
2493639	complete sequence	circular
371601	complete sequence	circular
1433513	complete sequence	circular
2565782	complete sequence	circular
1322	complete sequence	circular
526944	complete sequence	circular
396	complete sequence	circular
2587865	complete sequence	circular
675	complete sequence	circular
400770	complete sequence	circular
47874	complete sequence	circular
1804624	complete sequence	circular
1658671	complete sequence	circular
655015	complete sequence	circular
44251	complete sequence	circular
1476	complete sequence	circular
742013	complete sequence	circular
299583	complete sequence	circular
1482074	complete sequence	circular
1536648	complete sequence	circular
669	complete sequence	circular
881260	complete sequence	circular
1494608	complete sequence	circular
1670830	complete sequence	circular
2587859	complete sequence	circular
732	complete sequence	circular
107709	complete sequence	circular
675864	complete sequence	circular
367477	complete sequence	circular
556259	complete sequence	circular
44001	complete sequence	circular
400946	complete sequence	circular
2497325	complete sequence	circular
1929246	complete sequence	circular
774	complete sequence	circular
1231	complete sequence	circular
53458	complete sequence	circular
1396	complete sequence	circular
28133	complete sequence	circular
1914861	complete sequence	circular
187145	complete sequence	circular
436516	complete sequence	circular
1903704	complete sequence	circular
83554	complete sequence	circular
76335	complete sequence	circular
147802	complete sequence	circular
1702043	complete sequence	circular
43770	complete sequence	circular
443156	complete sequence	circular
1030157	complete sequence	circular
877455	complete sequence	circular
554406	complete sequence	circular
2170729	complete sequence	circular
1737359	complete sequence	circular
1312183	complete sequence	circular
1596	complete sequence	circular
2496866	complete sequence	circular
75612	complete sequence	circular
1892895	complete sequence	circular
292800	complete sequence	circular
2338327	complete sequence	circular
2283160	complete sequence	circular
653940	complete sequence	circular
396595	complete sequence	circular
47886	complete sequence	circular
492	complete sequence	circular
1501268	complete sequence	circular
68175	complete sequence	circular
73913	complete sequence	circular
71237	complete sequence	circular
158627	complete sequence	circular
2086584	complete sequence	circular
2026	complete sequence	circular
37923	complete sequence	circular
1795874	complete sequence	circular
2606451	complete sequence	circular
42879	complete sequence	circular
2044521	complete sequence	circular
69666	complete sequence	circular
134536	complete sequence	circular
342949	complete sequence	circular
2571115	complete sequence	circular
2483360	complete sequence	circular
1628753	complete sequence	circular
1702238	complete sequence	circular
1471400	complete sequence	circular
1796646	complete sequence	circular
1628086	complete sequence	circular
2527974	complete sequence	circular
58346	complete sequence	circular
47883	complete sequence	circular
2058328	complete sequence	circular
331113	complete sequence	circular
1617283	complete sequence	circular
2203	complete sequence	circular
2024615	complete sequence	circular
2215	complete sequence	circular
1376	complete sequence	circular
28182	complete sequence	circular
1636608	complete sequence	circular
1811807	complete sequence	circular
53419	complete sequence	circular
820	complete sequence	circular
83655	complete sequence	circular
93222	complete sequence	circular
1835724	complete sequence	circular
167957	complete sequence	circular
2585717	complete sequence	circular
255248	complete sequence	circular
301	complete sequence	circular
1108595	complete sequence	circular
36809	complete sequence	circular
1209493	complete sequence	circular
64160	complete sequence	circular
1052	complete sequence	circular
1759059	complete sequence	circular
1133546	complete sequence	circular
1844006	complete sequence	circular
267128	complete sequence	circular
1388755	complete sequence	circular
1148	complete sequence	circular
1235990	complete sequence	circular
375489	complete sequence	circular
1750719	complete sequence	circular
1191523	complete sequence	circular
84110	complete sequence	circular
2571746	complete sequence	circular
62088	complete sequence	circular
109790	complete sequence	circular
1937004	complete sequence	circular
197614	complete sequence	circular
33034	complete sequence	circular
1904463	complete sequence	circular
754423	complete sequence	circular
33047	complete sequence	circular
2055892	complete sequence	circular
134534	complete sequence	circular
132919	complete sequence	circular
1781	complete sequence	circular
36855	complete sequence	circular
44935	complete sequence	circular
1335048	complete sequence	circular
1685010	complete sequence	circular
37329	complete sequence	circular
1736046	complete sequence	circular
1891280	complete sequence	circular
84112	complete sequence	circular
393921	complete sequence	circular
236753	complete sequence	circular
2488819	complete sequence	circular
1398	complete sequence	circular
1758179	complete sequence	circular
571800	complete sequence	circular
2254	complete sequence	circular
53336	complete sequence	circular
29347	complete sequence	circular
1543721	complete sequence	circular
83171	complete sequence	circular
263	complete sequence	circular
1833852	complete sequence	circular
2082386	complete sequence	circular
436	complete sequence	circular
2219225	complete sequence	circular
571	complete sequence	circular
1538553	complete sequence	circular
1536773	complete sequence	circular
208224	complete sequence	circular
1873716	complete sequence	circular
911092	complete sequence	circular
930	complete sequence	circular
558152	complete sequence	circular
1281578	complete sequence	circular
2420135	complete sequence	circular
248039	complete sequence	circular
2094025	complete sequence	circular
129958	complete sequence	circular
285665	complete sequence	circular
2043170	complete sequence	circular
93220	complete sequence	circular
2069255	complete sequence	circular
393662	complete sequence	circular
996	complete sequence	circular
191026	complete sequence	circular
1245526	complete sequence	circular
1703962	complete sequence	circular
1487956	complete sequence	circular
1604004	complete sequence	circular
256618	complete sequence	circular
1714860	complete sequence	circular
262324	complete sequence	circular
1211326	complete sequence	circular
1336794	complete sequence	circular
1536772	complete sequence	circular
470932	complete sequence	circular
208223	complete sequence	circular
133539	complete sequence	circular
2040586	complete sequence	circular
1274359	complete sequence	circular
29291	complete sequence	circular
120959	complete sequence	circular
484770	complete sequence	circular
203263	complete sequence	circular
1812935	complete sequence	circular
28173	complete sequence	circular
265959	complete sequence	circular
2086577	complete sequence	circular
682998	complete sequence	circular
1356852	complete sequence	circular
971279	complete sequence	circular
477680	complete sequence	circular
51664	complete sequence	circular
2571029	complete sequence	circular
1536775	complete sequence	circular
67827	complete sequence	circular
1501	complete sequence	circular
389348	complete sequence	circular
